rank,city,health care index,health care exp. index
1,"Taipei, Taiwan",86.2,158.5
2,"Chiang Mai, Thailand",84.3,154.6
3,"Seoul, South Korea",82.7,151.5
4,"The Hague (Den Haag), Netherlands",79.9,146
5,"Madrid, Spain",79.8,147.8
6,"Valencia, Spain",79.8,147.1
7,"Rotterdam, Netherlands",79.7,146.1
8,"Tokyo, Japan",79.6,144.9
9,"Porto, Portugal",79.4,145.5
10,"Helsinki, Finland",79.4,145.2
11,"Guadalajara, Mexico",79.3,144.6
12,"Luxembourg, Luxembourg",79,144.1
13,"Oslo, Norway",79,144.9
14,"Glasgow, United Kingdom",79,145.4
15,"Vienna, Austria",78.9,144.4
16,"Edinburgh, United Kingdom",78.8,145.5
17,"Bursa, Turkey",78.7,143
18,"Paris, France",78.6,144.2
19,"Hamilton, Canada",78.6,145.6
20,"Medellin, Colombia",78.4,142.9
21,"Manchester, United Kingdom",78.2,144
22,"Cuenca, Ecuador",78.2,142.3
23,"Eindhoven, Netherlands",78,142.6
24,"Amsterdam, Netherlands",77.3,141.3
25,"Barcelona, Spain",77.3,143
26,"Copenhagen, Denmark",77,142
27,"Edmonton, Canada",76.9,142.6
28,"Munich, Germany",76.8,140.2
29,"Bangkok, Thailand",76.8,139.8
30,"Hamburg, Germany",75.5,137.8
31,"Minneapolis, MN, United States",75.2,141.6
32,"Toronto, Canada",75,137.9
33,"Split, Croatia",74.9,136
34,"Tallinn, Estonia",74.9,137.2
35,"Vilnius, Lithuania",74.7,135.8
36,"Nizhny Novgorod, Russia",74.7,134.7
37,"Prague, Czech Republic",74.3,136.3
38,"Frankfurt, Germany",74.2,135.3
39,"Kaunas, Lithuania",74.1,136.3
40,"Tel Aviv-Yafo, Israel",74,135.8
41,"Pattaya, Thailand",73.9,135.5
42,"Brussels, Belgium",73.9,134
43,"Stuttgart, Germany",73.9,135.2
44,"Madison, WI, United States",73.9,136.4
45,"Brno, Czech Republic",73.6,135.7
46,"Lisbon, Portugal",73.4,133.8
47,"Doha, Qatar",73.1,133
48,"Izmir, Turkey",73,132.3
49,"Boston, MA, United States",73,135
50,"Sydney, Australia",73,132.2
51,"Calgary, Canada",72.9,133.5
52,"Antalya, Turkey",72.8,131.8
53,"Honolulu, HI, United States",72.6,132
54,"Vancouver, Canada",72.5,132.9
55,"Brisbane, Australia",72.2,131.3
56,"Birmingham, United Kingdom",72.1,133.8
57,"Geneva, Switzerland",72.1,134.5
58,"Belfast, United Kingdom",71.9,134.9
59,"Houston, TX, United States",71.9,133.4
60,"Zurich, Switzerland",71.7,133.8
61,"Colombo, Sri Lanka",71.3,129
62,"Timisoara, Romania",71.2,128.1
63,"Milan, Italy",71.1,129.9
64,"Melbourne, Australia",71,128.5
65,"Singapore, Singapore",70.8,131.3
66,"Chennai, India",70.1,126.4
67,"Mississauga, Canada",70.1,128
68,"Salt Lake City, UT, United States",70,131.5
69,"Ottawa, Canada",70,127.9
70,"Washington, DC, United States",69.9,129.2
71,"Coimbatore, India",69.9,126.2
72,"Portland, OR, United States",69.8,129.1
73,"Malaga, Spain",69.8,128
74,"Denver, CO, United States",69.7,130.4
75,"London, United Kingdom",69.7,127.8
76,"Istanbul, Turkey",69.6,125.4
77,"Charlotte, NC, United States",69.5,130
78,"Atlanta, GA, United States",69.5,129.7
79,"Adelaide, Australia",69.5,125.8
80,"Monterrey, Mexico",69.3,125
81,"Auckland, New Zealand",69.1,124.7
82,"Ankara, Turkey",69,124.2
83,"Seattle, WA, United States",69,128.6
84,"Abu Dhabi, United Arab Emirates",68.9,125.3
85,"Beijing, China",68.7,124.4
86,"Perth, Australia",68.7,124.3
87,"Buenos Aires, Argentina",68.6,124.3
88,"Dubai, United Arab Emirates",68.6,127.4
89,"Berlin, Germany",68.5,124.4
90,"Raleigh, NC, United States",68.5,127.5
91,"Gothenburg, Sweden",68.5,126.9
92,"Cape Town, South Africa",68.4,124.8
93,"Philadelphia, PA, United States",68.4,124.9
94,"Columbus, OH, United States",68.4,126.3
95,"Quebec City, Canada",68.3,126.3
96,"Winnipeg, Canada",68.2,126.5
97,"Montevideo, Uruguay",68.2,123.2
98,"Reykjavik, Iceland",68.1,124.5
99,"Kuala Lumpur, Malaysia",68.1,122.7
100,"Austin, TX, United States",67.7,125
101,"Canberra, Australia",67.7,122.2
102,"San Antonio, TX, United States",67.7,124
103,"Ljubljana, Slovenia",67.4,125.2
104,"London, Canada",67.4,122.7
105,"Halifax, Canada",67.4,124.3
106,"Astana (Nur-Sultan), Kazakhstan",67.3,120.1
107,"Phoenix, AZ, United States",67.2,125.5
108,"Sacramento, CA, United States",67.1,121.6
109,"Tampa, FL, United States",67,123.6
110,"San Diego, CA, United States",66.8,123.8
111,"Bangalore, India",66.8,120.9
112,"Stockholm, Sweden",66.7,121.6
113,"Pretoria, South Africa",66.3,119.7
114,"Turin, Italy",66.3,121.6
115,"Dallas, TX, United States",66.2,122.3
116,"Moscow, Russia",66.2,118
117,"Pune, India",66.1,119.1
118,"Victoria, Canada",66.1,121.3
119,"Mexico City, Mexico",65.8,117.7
120,"Curitiba, Brazil",65.7,117.8
121,"Amman, Jordan",65.6,118.1
122,"Cluj-Napoca, Romania",65.6,117.2
123,"Hong Kong, Hong Kong (China)",65.5,119
124,"Bogota, Colombia",65.5,117.4
125,"Ahmedabad, India",65.4,116.7
126,"Hyderabad, India",65.4,118
127,"Chicago, IL, United States",65.3,121.6
128,"Mumbai, India",65.3,117.1
129,"Delhi, India",65.1,116.7
130,"Santiago, Chile",65.1,119.8
131,"Islamabad, Pakistan",64.9,116.5
132,"Kochi, India",64.7,114.8
133,"Wellington, New Zealand",64.7,116.2
134,"Riyadh, Saudi Arabia",64.6,115.8
135,"Porto Alegre, Brazil",64.4,116.1
136,"Saskatoon, Canada",64.2,115.8
137,"Beirut, Lebanon",64.2,120.4
138,"Guatemala City, Guatemala",64.1,113.9
139,"San Francisco, CA, United States",64.1,118.5
140,"Belo Horizonte, Brazil",63.9,115.3
141,"Zagreb, Croatia",63.8,116.7
142,"Mangalore, India",63.7,112.5
143,"San Juan, Puerto Rico",63.5,115.9
144,"Shanghai, China",63.5,113.7
145,"Varna, Bulgaria",63.5,113.7
146,"Miami, FL, United States",63.4,119.1
147,"Orlando, FL, United States",63.1,115.5
148,"Gurgaon, India",63,114.8
149,"Montreal, Canada",62.9,117.4
150,"Manila, Philippines",62.9,112
151,"San Jose, Costa Rica",62.6,113.7
152,"New York, NY, United States",62.5,116.6
153,"Lahore, Pakistan",62.4,111.4
154,"Thiruvananthapuram, India",62.4,110.2
155,"Nairobi, Kenya",62,110.3
156,"Rome, Italy",61.9,112.7
157,"Los Angeles, CA, United States",61.8,114
158,"Lviv, Ukraine",61.1,108.8
159,"Riga, Latvia",61,109.2
160,"Tucson, AZ, United States",60.9,110
161,"Saint Petersburg, Russia",60.4,106.9
162,"Johannesburg, South Africa",60.4,108.2
163,"Ho Chi Minh City, Vietnam",60.3,105.7
164,"Panama City, Panama",60,106.7
165,"Warsaw, Poland",59.8,107.4
166,"Sao Paulo, Brazil",59.5,107.8
167,"Jeddah (Jiddah), Saudi Arabia",59.4,105.9
168,"Wroclaw, Poland",59.2,105.1
169,"Krakow (Cracow), Poland",58.9,105.4
170,"Kuwait City, Kuwait",58.6,104.3
171,"Sarajevo, Bosnia And Herzegovina",58.6,105.5
172,"Durban, South Africa",58.3,103.4
173,"Kolkata, India",58.2,103
174,"Lima, Peru",58.2,102.2
175,"Cork, Ireland",58.1,104.9
176,"Kiev (Kyiv), Ukraine",57.9,101.7
177,"Hanoi, Vietnam",57.6,100.8
178,"Sofia, Bulgaria",57.4,102.2
179,"Tunis, Tunisia",57.3,101.5
180,"Novosibirsk, Russia",56.9,100.8
181,"Algiers, Algeria",56.9,103.9
182,"Yerevan, Armenia",56.8,99.8
183,"Jakarta, Indonesia",56.8,100.3
184,"Karachi, Pakistan",56.6,99.9
185,"Athens, Greece",56.6,100.7
186,"Bratislava, Slovakia",56.1,100.9
187,"Kathmandu, Nepal",55.8,97.7
188,"Nicosia, Cyprus",55.1,96.9
189,"Thessaloniki, Greece",55,97.9
190,"Las Vegas, NV, United States",54.5,97.7
191,"Bucharest, Romania",54.4,96
192,"Skopje, North Macedonia",54.4,97.6
193,"Tbilisi, Georgia",54.2,94.5
194,"Gdansk, Poland",53.2,93.6
195,"Belgrade, Serbia",53,94.4
196,"Dnipro, Ukraine",52.9,92.1
197,"Tehran, Iran",52.9,92.4
198,"Yekaterinburg, Russia",52.3,92.5
199,"Budapest, Hungary",52.3,93.6
200,"Limassol, Cyprus",52.2,90.8
201,"Brasilia, Brazil",51.4,90.7
202,"Dublin, Ireland",51.1,94.1
203,"Odessa (Odesa), Ukraine",50.4,88.7
204,"Novi Sad, Serbia",50.2,90.8
205,"Almaty, Kazakhstan",49.1,86.7
206,"Minsk, Belarus",48.8,86.4
207,"Kharkiv, Ukraine",48.1,83.1
208,"Tirana, Albania",47.9,82.9
209,"Baku, Azerbaijan",47.3,82.3
210,"Lagos, Nigeria",46.7,80.2
211,"Cairo, Egypt",46,78.8
212,"Rio de Janeiro, Brazil",45.7,80.1
213,"Casablanca, Morocco",44.8,76.5
214,"Dhaka, Bangladesh",40,68.5
215,"Caracas, Venezuela",38.4,66.6
